shahash,mode,runtime,comm
0b74b86418cf75948d8a297731f93eccae8cd5e6c4315d060100119d089eda71,SING 1,11.104721,123405544.0
06ba413c6cab2c4ec60d31a968359f3f1bfc05e8eb41539b4ccfe7175ba3d0e7,SING 1,69.88650000000001,88768829.5
5f52257ad86810c00e91d44f1dfc81c4bf4c8e78ec552fa7eb5368b2fd4a3497,SING 1,1.9030639999999999,354711.4
33c8af864f4dc5ab1e9a862ba248b95b7c5a25465496331db97a79781e112b97,SING 1,4.004527,18245204.0
858cd57361b3b76b9b44f7841d49d13d78477a54ab28fa1949eb0387946f6065,SING 1,55.30355,938537700.0
a6852e078239a6f332f44560e3ba1ea6cb9efb6c0f8c446c4bba6d7c53a298fc,SING 1,35.967725,625719.5
f7b62dee03883927a45e984c73f5dcaf04d351316697bcf68b4382f04f1abcc2,SING 1,1.529026,1506468.0
b4b1845a9a8d711ec90cf0fc650d35bc7b97adf85cac22d921f2947dc0b89cff,SING 1,timeout,timeout
eb26322b9cb6fa6e15573fabdea396118524dfb922b2df709f424e2e8293f617,SING 1,17.755557142857143,168625089.0
